<?xml version="1.0" encoding="UTF-8"?>
<project-private xmlns="http://www.netbeans.org/ns/project-private/1">
    <editor-bookmarks xmlns="http://www.netbeans.org/ns/editor-bookmarks/1"/>
    <editor-bookmarks xmlns="http://www.netbeans.org/ns/editor-bookmarks/2" lastBookmarkId="0"/>
    <open-files xmlns="http://www.netbeans.org/ns/projectui-open-files/2">
        <group>
            <file>file:/C:/Users/Henrik/Dropbox/Aktuelt/DAT/Semestre/e2014/2.%20sem/UV/PRG/PRG%204%20-%20Collections%20opsamling/Collection%20opsamling%20-%20democode/JCF_Demo/src/jfc_demo/SortExecTime.java</file>
            <file>file:/C:/Users/Henrik/Dropbox/Aktuelt/DAT/Semestre/e2014/2.%20sem/UV/PRG/PRG%204%20-%20Collections%20opsamling/Collection%20opsamling%20-%20democode/JCF_Demo/src/jfc_demo/CollectionsMiscDemo.java</file>
            <file>file:/C:/Users/Henrik/Dropbox/Aktuelt/DAT/Semestre/e2014/2.%20sem/UV/PRG/PRG%204%20-%20Collections%20opsamling/Collection%20opsamling%20-%20democode/JCF_Demo/src/jfc_demo/HashMapDemo.java</file>
            <file>file:/C:/Users/Henrik/Dropbox/Aktuelt/DAT/Semestre/e2014/2.%20sem/UV/PRG/PRG%204%20-%20Collections%20opsamling/Collection%20opsamling%20-%20democode/JCF_Demo/src/jfc_demo/HashSetDemo.java</file>
        </group>
    </open-files>
</project-private>
