<?xml version="1.0" encoding="UTF-8"?>
<project-private xmlns="http://www.netbeans.org/ns/project-private/1">
    <editor-bookmarks xmlns="http://www.netbeans.org/ns/editor-bookmarks/1"/>
    <editor-bookmarks xmlns="http://www.netbeans.org/ns/editor-bookmarks/2" lastBookmarkId="0"/>
    <open-files xmlns="http://www.netbeans.org/ns/projectui-open-files/2">
        <group>
            <file>file:/C:/Users/Henrik/Dropbox/Aktuelt/DAT/Semestre/e2014/2.%20sem/UV/PRG/PRG%202%20-%20Rekursion%20og%20Binære%20Træer/BinarySearchTreeDemo/src/binarysearchtreedemo/BinaryTreeApp.java</file>
            <file>file:/C:/Users/Henrik/Dropbox/Aktuelt/DAT/Semestre/e2014/2.%20sem/UV/PRG/PRG%202%20-%20Rekursion%20og%20Binære%20Træer/BinarySearchTreeDemo/src/binarysearchtreedemo/BinaryTree.java</file>
        </group>
    </open-files>
</project-private>
