<?xml version="1.0" encoding="UTF-8"?>
<project-private xmlns="http://www.netbeans.org/ns/project-private/1">
    <editor-bookmarks xmlns="http://www.netbeans.org/ns/editor-bookmarks/2" lastBookmarkId="0"/>
    <open-files xmlns="http://www.netbeans.org/ns/projectui-open-files/2">
        <group>
            <file>file:/C:/MyCloud/CBA/F2017/2.Sem/NetbeansProjects/Algorithms/src/algorithms/QuickSort.java</file>
            <file>file:/C:/MyCloud/CBA/F2017/2.Sem/NetbeansProjects/Algorithms/src/algorithms/CountComparator.java</file>
            <file>file:/C:/MyCloud/CBA/F2017/2.Sem/NetbeansProjects/Algorithms/src/algorithms/PersonSorting.java</file>
            <file>file:/C:/MyCloud/CBA/F2017/2.Sem/NetbeansProjects/Algorithms/src/algorithms/PersonComparatorFirstName.java</file>
        </group>
    </open-files>
</project-private>
